Country,Number,Dir,0,1,2
Fra,one,x,-0.27554216780001517,-0.53140379994167619,0.51795274200239494
Fra,two,y,0.54878982716826419,0.37203128542145342,0.52682321243028263
Fra,two,z,-1.2359845905102012,1.2054324239382868,-0.49481944126256538
Ger,one,x,-0.057608626835526026,0.5125077361942928,-1.6288789267044488
Jap,one,x,0.7966641365018583,0.44735506674237152,-0.82379824255469203
Jap,two,x,0.43706050926000872,0.71522355903081558,1.3820154310430268
USA,one,y,-0.42786831503168887,0.4473800966662051,-0.91942608282518401
USA,one,z,0.87399427361316928,-0.62160898795870878,0.99128264008703093
