{"fit_time": [100.92108416557312, 57.403347969055176, 126.87293291091919, 115.17090606689453, 132.85378313064575, 189.96346998214722, 255.37630987167358, 56.48467397689819, 46.978976011276245, 63.96855688095093, 120.88669085502625], "batch_size": [128, 256, 512, 1024, 2048, 4096, 8192, 16384, 32768, 65536, 131072], "error": [2.8292134165028195, 2.8180050215325503, 2.8056955062419133, 2.6869565623006419, 2.7191410311375752, 2.7197119403630485, 2.7192215126175849, 3.43838544096623, 2.7047513858325258, 2.704579183716266, 2.7228728480051285]}