{"fit_time": [24.8484890460968, 38.318819999694824, 14.11689305305481, 23.142925024032593, 6.023437976837158, 10.685847043991089, 6.6396708488464355, 2.1382641792297363, 5.151875019073486, 4.326473951339722, 4.268678188323975], "error": [2.9528172222144464, 2.9136174772446997, 2.9196291318674015, 2.9145436092125117, 4.0071422711842821, 3.6335028608118884, 4.6552475577024257, 5.5121349062882228, 5.3830712590962371, 5.4808766671636091, 5.5672735464392629], "size": [128, 256, 512, 1024, 2048, 4096, 8192, 16384, 32768, 65536, 131072]}