{"fit_time": [89.93659281730652, 123.73077583312988, 92.85557389259338, 183.70098495483398, 146.99629998207092, 58.80587387084961, 86.80191993713379, 88.97393488883972, 57.417789936065674, 55.800118923187256, 52.5649950504303], "error": [3.4216077608397848, 3.1188162599597407, 2.905353167952121, 3.0125582507937101, 4.1857525714377308, 7.0989383992783806, 6.047286129856559, 4.953893155587286, 6.1583425818115458, 6.0228000095451026, 6.0497524863766561], "size": [128, 256, 512, 1024, 2048, 4096, 8192, 16384, 32768, 65536, 131072]}