{"fit_time": [77.92337393760681, 25.513894081115723, 12.645697832107544, 9.650652885437012, 4.82935094833374, 2.5085630416870117, 1.031167984008789, 0.7917640209197998, 1.361556053161621, 1.6502509117126465, 1.9796528816223145], "error": [8.0340957642500417, 5.7570163900820477, 5.9855405736101961, 4.9996542694685875, 5.0155356676649037, 7.0563241452136838, 4.7812697548032528, 5.7986460549261505, 2.7282784549647237, 2.8388124994932893, 7.0666585482335957], "size": [128, 256, 512, 1024, 2048, 4096, 8192, 16384, 32768, 65536, 131072]}