{"fit_time": [168.38055610656738, 205.16968989372253, 82.78673481941223, 81.9995789527893, 76.13239884376526, 65.11714792251587, 50.24481797218323, 83.7260479927063, 98.48513317108154, 97.13626194000244, 60.19092583656311], "batch_size": [128, 256, 512, 1024, 2048, 4096, 8192, 16384, 32768, 65536, 131072], "error": [8.1692663391949605, 7.4155371492147539, 7.7455393477776102, 5.8748706363935606, 5.5413023890151685, 5.2394448710888826, 6.9208669473065658, 3.6391224462597562, 7.3672274928461103, 7.099163663093516, 27.908803557628769]}