{"fit_time": [77.92337393760681, 25.513894081115723, 12.645697832107544, 9.650652885437012, 4.82935094833374, 2.5085630416870117, 1.031167984008789, 0.7917640209197998, 1.361556053161621, 1.6502509117126465, 1.9796528816223145], "batch_size": [128, 256, 512, 1024, 2048, 4096, 8192, 16384, 32768, 65536, 131072], "error": [8.034095764250042, 5.757016390082048, 5.985540573610196, 4.9996542694685875, 5.015535667664904, 7.056324145213684, 4.781269754803253, 5.7986460549261505, 2.7282784549647237, 2.8388124994932893, 7.066658548233596]}