{"fit_time": [348.18603801727295, 178.40043187141418, 71.88858485221863, 54.131649017333984, 99.0554039478302, 46.73757290840149, 46.38480997085571, 45.192939043045044, 88.3029158115387, 119.04084205627441, 138.29680800437927], "error": [5.3156155623321215, 7.5528024705738765, 5.8753622276448842, 4.7586111935412241, 5.9185687142687859, 6.4962823831984382, 4.0213724601070133, 5.7207948170703871, 2.7236156229797737, 2.9586747312880401, 7.2075912963072035], "size": [128, 256, 512, 1024, 2048, 4096, 8192, 16384, 32768, 65536, 131072]}