{"fit_time": [225.44370889663696, 165.04876399040222, 88.23523879051208, 330.3053071498871, 274.3195230960846, 72.56176519393921, 101.90864992141724, 87.09549403190613, 51.37242603302002, 29.17148995399475, 28.42079520225525], "error": [2.8462881640740285, 3.1233327397068815, 3.1856666701277083, 2.7290700730943014, 2.7794641446672101, 3.6455462764718942, 4.0034246162568543, 4.8711657526054877, 4.2513336715557237, 4.5393807799267654, 3.8044953675659068], "size": [128, 256, 512, 1024, 2048, 4096, 8192, 16384, 32768, 65536, 131072]}