{"fit_time": [76.93055605888367, 53.01597499847412, 53.61271405220032, 31.4056179523468, 25.046092987060547, 8.759418964385986, 4.133713006973267, 1.5527839660644531, 1.420072078704834, 1.789872169494629, 2.526726007461548], "batch_size": [128, 256, 512, 1024, 2048, 4096, 8192, 16384, 32768, 65536, 131072], "error": [2.882125077540784, 3.111436902360421, 3.0150222883187148, 2.7225555234237864, 2.7460676050416475, 3.4320064379956525, 4.449018197850732, 5.084062775587694, 4.224005796390574, 4.324726759494149, 3.867375631953566]}