{"fit_time": [108.11193513870239, 93.23228597640991, 144.7905900478363, 137.29308605194092, 31.746719121932983, 37.67605495452881, 23.02082085609436, 16.212193965911865, 10.718424081802368, 10.3195641040802, 15.396090984344482], "error": [3.6166388026426168, 3.5511594372478821, 2.7023656079347198, 2.7442851868561351, 3.5339300876483755, 3.4576301455111182, 4.5463878051535671, 4.8412832463916438, 5.2042716587535809, 4.3733079807029442, 5.3236870773342995], "size": [128, 256, 512, 1024, 2048, 4096, 8192, 16384, 32768, 65536, 131072]}