{"fit_time": [76.93055605888367, 53.01597499847412, 53.61271405220032, 31.4056179523468, 25.046092987060547, 8.759418964385986, 4.133713006973267, 1.5527839660644531, 1.420072078704834, 1.789872169494629, 2.526726007461548], "error": [2.8821250775407838, 3.1114369023604209, 3.0150222883187148, 2.7225555234237864, 2.7460676050416475, 3.4320064379956525, 4.4490181978507319, 5.0840627755876939, 4.2240057963905739, 4.3247267594941494, 3.8673756319535659], "size": [128, 256, 512, 1024, 2048, 4096, 8192, 16384, 32768, 65536, 131072]}